SourceListName,SourceFlowName,SourceFlowUUID,SourceFlowContext,SourceUnit,MatchCondition,ConversionFactor,TargetFlowName,TargetFlowUUID,TargetFlowContext,TargetUnit,Mapper,Verifier,LastUpdated
Marine,CH4,,ECA/Transit,kg,=,1,Methane,aab83476-ec6c-3742-af85-15d320b7ce80,emission/air,kg,Young,,
Marine,CO,,ECA/Transit,kg,=,1,Carbon monoxide,187c525c-3715-388c-b303-a0671524a615,emission/air,kg,Young,,
Marine,CO2,,ECA/Transit,kg,=,1,Carbon dioxide,b6f010fb-a764-3063-af2d-bcb8309a97b7,emission/air,kg,Young,,
Marine,HC,,ECA/Transit,kg,,,,,,,,,
Marine,N2O,,ECA/Transit,kg,=,1,Nitrous oxide,cfee0524-7ad6-300b-b050-6249135a2492,emission/air,kg,Young,,
Marine,NOX,,ECA/Transit,kg,=,1,Nitrogen oxides,4382ba18-dd21-3837-80b2-94283ef5490e,emission/air,kg,Young,,
Marine,PM10,,ECA/Transit,kg,=,1,"Particulate matter, ≤ 10μm",5a939c2b-cebf-3060-8862-4a8650caf6dd,emission/air,kg,Young,,
Marine,PM25,,ECA/Transit,kg,=,1,"Particulate matter, ≤ 2.5μm",49a9c581-7c83-36b0-b1bd-455ea4c665a6,emission/air,kg,Young,,
Marine,SO2,,ECA/Transit,kg,=,1,Sulfur dioxide,f4973035-59f5-3bdc-b257-b274dcc04e0f,emission/air,kg,Young,,
Marine,VOC,,ECA/Transit,kg,=,1,Volatile organic compounds,6f861846-1c4c-3fc9-a198-56b2d9abd83b,emission/air,kg,Young,,
Marine,CH4,,ECA/Anchorage,kg,=,1,Methane,aab83476-ec6c-3742-af85-15d320b7ce80,emission/air,kg,Young,,
Marine,CO,,ECA/Anchorage,kg,=,1,Carbon monoxide,187c525c-3715-388c-b303-a0671524a615,emission/air,kg,Young,,
Marine,CO2,,ECA/Anchorage,kg,=,1,Carbon dioxide,b6f010fb-a764-3063-af2d-bcb8309a97b7,emission/air,kg,Young,,
Marine,HC,,ECA/Anchorage,kg,,,,,,,,,
Marine,N2O,,ECA/Anchorage,kg,=,1,Nitrous oxide,cfee0524-7ad6-300b-b050-6249135a2492,emission/air,kg,Young,,
Marine,NOX,,ECA/Anchorage,kg,=,1,Nitrogen oxides,4382ba18-dd21-3837-80b2-94283ef5490e,emission/air,kg,Young,,
Marine,PM10,,ECA/Anchorage,kg,=,1,"Particulate matter, ≤ 10μm",5a939c2b-cebf-3060-8862-4a8650caf6dd,emission/air,kg,Young,,
Marine,PM25,,ECA/Anchorage,kg,=,1,"Particulate matter, ≤ 2.5μm",49a9c581-7c83-36b0-b1bd-455ea4c665a6,emission/air,kg,Young,,
Marine,SO2,,ECA/Anchorage,kg,=,1,Sulfur dioxide,f4973035-59f5-3bdc-b257-b274dcc04e0f,emission/air,kg,Young,,
Marine,VOC,,ECA/Anchorage,kg,=,1,Volatile organic compounds,6f861846-1c4c-3fc9-a198-56b2d9abd83b,emission/air,kg,Young,,
Marine,CH4,,ECA/Maneuvering,kg,=,1,Methane,aab83476-ec6c-3742-af85-15d320b7ce80,emission/air,kg,Young,,
Marine,CO,,ECA/Maneuvering,kg,=,1,Carbon monoxide,187c525c-3715-388c-b303-a0671524a615,emission/air,kg,Young,,
Marine,CO2,,ECA/Maneuvering,kg,=,1,Carbon dioxide,b6f010fb-a764-3063-af2d-bcb8309a97b7,emission/air,kg,Young,,
Marine,HC,,ECA/Maneuvering,kg,,,,,,,,,
Marine,N2O,,ECA/Maneuvering,kg,=,1,Nitrous oxide,cfee0524-7ad6-300b-b050-6249135a2492,emission/air,kg,Young,,
Marine,NOX,,ECA/Maneuvering,kg,=,1,Nitrogen oxides,4382ba18-dd21-3837-80b2-94283ef5490e,emission/air,kg,Young,,
Marine,PM10,,ECA/Maneuvering,kg,=,1,"Particulate matter, ≤ 10μm",5a939c2b-cebf-3060-8862-4a8650caf6dd,emission/air,kg,Young,,
Marine,PM25,,ECA/Maneuvering,kg,=,1,"Particulate matter, ≤ 2.5μm",49a9c581-7c83-36b0-b1bd-455ea4c665a6,emission/air,kg,Young,,
Marine,SO2,,ECA/Maneuvering,kg,=,1,Sulfur dioxide,f4973035-59f5-3bdc-b257-b274dcc04e0f,emission/air,kg,Young,,
Marine,VOC,,ECA/Maneuvering,kg,=,1,Volatile organic compounds,6f861846-1c4c-3fc9-a198-56b2d9abd83b,emission/air,kg,Young,,
Marine,CH4,,ECA/Port,kg,=,1,Methane,aab83476-ec6c-3742-af85-15d320b7ce80,emission/air,kg,Young,,
Marine,CO,,ECA/Port,kg,=,1,Carbon monoxide,187c525c-3715-388c-b303-a0671524a615,emission/air,kg,Young,,
Marine,CO2,,ECA/Port,kg,=,1,Carbon dioxide,b6f010fb-a764-3063-af2d-bcb8309a97b7,emission/air,kg,Young,,
Marine,HC,,ECA/Port,kg,,,,,,,,,
Marine,N2O,,ECA/Port,kg,=,1,Nitrous oxide,cfee0524-7ad6-300b-b050-6249135a2492,emission/air,kg,Young,,
Marine,NOX,,ECA/Port,kg,=,1,Nitrogen oxides,4382ba18-dd21-3837-80b2-94283ef5490e,emission/air,kg,Young,,
Marine,PM10,,ECA/Port,kg,=,1,"Particulate matter, ≤ 10μm",5a939c2b-cebf-3060-8862-4a8650caf6dd,emission/air,kg,Young,,
Marine,PM25,,ECA/Port,kg,=,1,"Particulate matter, ≤ 2.5μm",49a9c581-7c83-36b0-b1bd-455ea4c665a6,emission/air,kg,Young,,
Marine,SO2,,ECA/Port,kg,=,1,Sulfur dioxide,f4973035-59f5-3bdc-b257-b274dcc04e0f,emission/air,kg,Young,,
Marine,VOC,,ECA/Port,kg,=,1,Volatile organic compounds,6f861846-1c4c-3fc9-a198-56b2d9abd83b,emission/air,kg,Young,,
Marine,CH4,,nonECA/Transit,kg,=,1,Methane,a81e5ff3-ddea-3521-854e-3d0ec0912182,emission/air/troposphere/rural,kg,Young,,
Marine,CO,,nonECA/Transit,kg,=,1,Carbon monoxide,3fb21335-87be-3726-b31a-8fc9e98ad9cc,emission/air/troposphere/rural,kg,Young,,
Marine,CO2,,nonECA/Transit,kg,=,1,Carbon dioxide,457679e0-817e-3175-b6db-6d18eef2c392,emission/air/troposphere/rural,kg,Young,,
Marine,HC,,nonECA/Transit,kg,,,,,,,,,
Marine,N2O,,nonECA/Transit,kg,=,1,Nitrous oxide,cc3f5214-382f-3bfd-8a4b-f1cae05306a6,emission/air/troposphere/rural,kg,Young,,
Marine,NOX,,nonECA/Transit,kg,=,1,Nitrogen oxides,887419d2-a15b-3b0e-beb1-d0f98002952f,emission/air/troposphere/rural,kg,Young,,
Marine,PM10,,nonECA/Transit,kg,=,1,"Particulate matter, ≤ 10μm",e3e3e95b-0d76-3089-bd1f-aa577a3d986a,emission/air/troposphere/rural,kg,Young,,
Marine,PM25,,nonECA/Transit,kg,=,1,"Particulate matter, ≤ 2.5μm",8408f919-e260-348e-bf46-cf1b50d50e5e,emission/air/troposphere/rural,kg,Young,,
Marine,SO2,,nonECA/Transit,kg,=,1,Sulfur dioxide,e2028a0c-2feb-33a5-965f-fa7113b66bad,emission/air/troposphere/rural,kg,Young,,
Marine,VOC,,nonECA/Transit,kg,=,1,Volatile organic compounds,d6a91d9b-ff6e-3ee7-85d9-5d871937e7b9,emission/air/troposphere/rural,kg,Young,,
Marine,CH4,,nonECA/Anchorage,kg,=,1,Methane,aab83476-ec6c-3742-af85-15d320b7ce80,emission/air,kg,Young,,
Marine,CO,,nonECA/Anchorage,kg,=,1,Carbon monoxide,187c525c-3715-388c-b303-a0671524a615,emission/air,kg,Young,,
Marine,CO2,,nonECA/Anchorage,kg,=,1,Carbon dioxide,b6f010fb-a764-3063-af2d-bcb8309a97b7,emission/air,kg,Young,,
Marine,HC,,nonECA/Anchorage,kg,,,,,,,,,
Marine,N2O,,nonECA/Anchorage,kg,=,1,Nitrous oxide,cfee0524-7ad6-300b-b050-6249135a2492,emission/air,kg,Young,,
Marine,NOX,,nonECA/Anchorage,kg,=,1,Nitrogen oxides,4382ba18-dd21-3837-80b2-94283ef5490e,emission/air,kg,Young,,
Marine,PM10,,nonECA/Anchorage,kg,=,1,"Particulate matter, ≤ 10μm",5a939c2b-cebf-3060-8862-4a8650caf6dd,emission/air,kg,Young,,
Marine,PM25,,nonECA/Anchorage,kg,=,1,"Particulate matter, ≤ 2.5μm",49a9c581-7c83-36b0-b1bd-455ea4c665a6,emission/air,kg,Young,,
Marine,SO2,,nonECA/Anchorage,kg,=,1,Sulfur dioxide,f4973035-59f5-3bdc-b257-b274dcc04e0f,emission/air,kg,Young,,
Marine,VOC,,nonECA/Anchorage,kg,=,1,Volatile organic compounds,6f861846-1c4c-3fc9-a198-56b2d9abd83b,emission/air,kg,Young,,
Marine,CH4,,nonECA/Maneuvering,kg,=,1,Methane,aab83476-ec6c-3742-af85-15d320b7ce80,emission/air,kg,Young,,
Marine,CO,,nonECA/Maneuvering,kg,=,1,Carbon monoxide,187c525c-3715-388c-b303-a0671524a615,emission/air,kg,Young,,
Marine,CO2,,nonECA/Maneuvering,kg,=,1,Carbon dioxide,b6f010fb-a764-3063-af2d-bcb8309a97b7,emission/air,kg,Young,,
Marine,HC,,nonECA/Maneuvering,kg,,,,,,,,,
Marine,N2O,,nonECA/Maneuvering,kg,=,1,Nitrous oxide,cfee0524-7ad6-300b-b050-6249135a2492,emission/air,kg,Young,,
Marine,NOX,,nonECA/Maneuvering,kg,=,1,Nitrogen oxides,4382ba18-dd21-3837-80b2-94283ef5490e,emission/air,kg,Young,,
Marine,PM10,,nonECA/Maneuvering,kg,=,1,"Particulate matter, ≤ 10μm",5a939c2b-cebf-3060-8862-4a8650caf6dd,emission/air,kg,Young,,
Marine,PM25,,nonECA/Maneuvering,kg,=,1,"Particulate matter, ≤ 2.5μm",49a9c581-7c83-36b0-b1bd-455ea4c665a6,emission/air,kg,Young,,
Marine,SO2,,nonECA/Maneuvering,kg,=,1,Sulfur dioxide,f4973035-59f5-3bdc-b257-b274dcc04e0f,emission/air,kg,Young,,
Marine,VOC,,nonECA/Maneuvering,kg,=,1,Volatile organic compounds,6f861846-1c4c-3fc9-a198-56b2d9abd83b,emission/air,kg,Young,,
Marine,CH4,,nonECA/Port,kg,=,1,Methane,aab83476-ec6c-3742-af85-15d320b7ce80,emission/air,kg,Young,,
Marine,CO,,nonECA/Port,kg,=,1,Carbon monoxide,187c525c-3715-388c-b303-a0671524a615,emission/air,kg,Young,,
Marine,CO2,,nonECA/Port,kg,=,1,Carbon dioxide,b6f010fb-a764-3063-af2d-bcb8309a97b7,emission/air,kg,Young,,
Marine,HC,,nonECA/Port,kg,,,,,,,,,
Marine,N2O,,nonECA/Port,kg,=,1,Nitrous oxide,cfee0524-7ad6-300b-b050-6249135a2492,emission/air,kg,Young,,
Marine,NOX,,nonECA/Port,kg,=,1,Nitrogen oxides,4382ba18-dd21-3837-80b2-94283ef5490e,emission/air,kg,Young,,
Marine,PM10,,nonECA/Port,kg,=,1,"Particulate matter, ≤ 10μm",5a939c2b-cebf-3060-8862-4a8650caf6dd,emission/air,kg,Young,,
Marine,PM25,,nonECA/Port,kg,=,1,"Particulate matter, ≤ 2.5μm",49a9c581-7c83-36b0-b1bd-455ea4c665a6,emission/air,kg,Young,,
Marine,SO2,,nonECA/Port,kg,=,1,Sulfur dioxide,f4973035-59f5-3bdc-b257-b274dcc04e0f,emission/air,kg,Young,,
Marine,VOC,,nonECA/Port,kg,=,1,Volatile organic compounds,6f861846-1c4c-3fc9-a198-56b2d9abd83b,emission/air,kg,Young,,
Marine,Ammonia,,ECA/Transit,kg,=,1,Ammonia,65b5d5dd-95b5-36b2-8cb0-7c5501ff1e32,emission/air,kg,Young,,
Marine,Ammonia,,ECA/Anchorage,kg,=,1,Ammonia,65b5d5dd-95b5-36b2-8cb0-7c5501ff1e32,emission/air,kg,Young,,
Marine,Ammonia,,ECA/Maneuvering,kg,=,1,Ammonia,65b5d5dd-95b5-36b2-8cb0-7c5501ff1e32,emission/air,kg,Young,,
Marine,Ammonia,,ECA/Port,kg,=,1,Ammonia,65b5d5dd-95b5-36b2-8cb0-7c5501ff1e32,emission/air,kg,Young,,
Marine,Ammonia,,nonECA/Transit,kg,=,1,Ammonia,854dd1a0-00d8-3f1c-a134-26f136cd3fd7,emission/air/troposphere/rural,kg,Young,,
Marine,Ammonia,,nonECA/Anchorage,kg,=,1,Ammonia,65b5d5dd-95b5-36b2-8cb0-7c5501ff1e32,emission/air,kg,Young,,
Marine,Ammonia,,nonECA/Maneuvering,kg,=,1,Ammonia,65b5d5dd-95b5-36b2-8cb0-7c5501ff1e32,emission/air,kg,Young,,
Marine,Ammonia,,nonECA/Port,kg,=,1,Ammonia,65b5d5dd-95b5-36b2-8cb0-7c5501ff1e32,emission/air,kg,Young,,
Marine,Antimony,,ECA/Transit,kg,=,1,Antimony,9de688f4-2302-3557-b50c-0f1d304977f4,emission/air,kg,Young,,
Marine,Antimony,,ECA/Anchorage,kg,=,1,Antimony,9de688f4-2302-3557-b50c-0f1d304977f4,emission/air,kg,Young,,
Marine,Antimony,,ECA/Maneuvering,kg,=,1,Antimony,9de688f4-2302-3557-b50c-0f1d304977f4,emission/air,kg,Young,,
Marine,Antimony,,ECA/Port,kg,=,1,Antimony,9de688f4-2302-3557-b50c-0f1d304977f4,emission/air,kg,Young,,
Marine,Antimony,,nonECA/Transit,kg,=,1,Antimony,2748fe77-0836-31cb-a501-4aea92e442c2,emission/air/troposphere/rural,kg,Young,,
Marine,Antimony,,nonECA/Anchorage,kg,=,1,Antimony,9de688f4-2302-3557-b50c-0f1d304977f4,emission/air,kg,Young,,
Marine,Antimony,,nonECA/Maneuvering,kg,=,1,Antimony,9de688f4-2302-3557-b50c-0f1d304977f4,emission/air,kg,Young,,
Marine,Antimony,,nonECA/Port,kg,=,1,Antimony,9de688f4-2302-3557-b50c-0f1d304977f4,emission/air,kg,Young,,
Marine,Arsenic,,ECA/Transit,kg,=,1,Arsenic,2b16d0b5-4713-3bb8-be5b-905382f0e8a8,emission/air,kg,Young,,
Marine,Arsenic,,ECA/Anchorage,kg,=,1,Arsenic,2b16d0b5-4713-3bb8-be5b-905382f0e8a8,emission/air,kg,Young,,
Marine,Arsenic,,ECA/Maneuvering,kg,=,1,Arsenic,2b16d0b5-4713-3bb8-be5b-905382f0e8a8,emission/air,kg,Young,,
Marine,Arsenic,,ECA/Port,kg,=,1,Arsenic,2b16d0b5-4713-3bb8-be5b-905382f0e8a8,emission/air,kg,Young,,
Marine,Arsenic,,nonECA/Transit,kg,=,1,Arsenic,effbc487-93c7-3ccf-a159-b04751942990,emission/air/troposphere/rural,kg,Young,,
Marine,Arsenic,,nonECA/Anchorage,kg,=,1,Arsenic,2b16d0b5-4713-3bb8-be5b-905382f0e8a8,emission/air,kg,Young,,
Marine,Arsenic,,nonECA/Maneuvering,kg,=,1,Arsenic,2b16d0b5-4713-3bb8-be5b-905382f0e8a8,emission/air,kg,Young,,
Marine,Arsenic,,nonECA/Port,kg,=,1,Arsenic,2b16d0b5-4713-3bb8-be5b-905382f0e8a8,emission/air,kg,Young,,
Marine,Benz[a]Anthracene,,ECA/Transit,kg,=,1,Benz[a]anthracene,248c35a7-7964-3f7b-aff8-9f29e983835e,emission/air,kg,Young,,
Marine,Benz[a]Anthracene,,ECA/Anchorage,kg,=,1,Benz[a]anthracene,248c35a7-7964-3f7b-aff8-9f29e983835e,emission/air,kg,Young,,
Marine,Benz[a]Anthracene,,ECA/Maneuvering,kg,=,1,Benz[a]anthracene,248c35a7-7964-3f7b-aff8-9f29e983835e,emission/air,kg,Young,,
Marine,Benz[a]Anthracene,,ECA/Port,kg,=,1,Benz[a]anthracene,248c35a7-7964-3f7b-aff8-9f29e983835e,emission/air,kg,Young,,
Marine,Benz[a]Anthracene,,nonECA/Transit,kg,=,1,Benz[a]anthracene,6432e695-97e1-3827-bf7a-fff75a492c81,emission/air/troposphere/rural,kg,Young,,
Marine,Benz[a]Anthracene,,nonECA/Anchorage,kg,=,1,Benz[a]anthracene,248c35a7-7964-3f7b-aff8-9f29e983835e,emission/air,kg,Young,,
Marine,Benz[a]Anthracene,,nonECA/Maneuvering,kg,=,1,Benz[a]anthracene,248c35a7-7964-3f7b-aff8-9f29e983835e,emission/air,kg,Young,,
Marine,Benz[a]Anthracene,,nonECA/Port,kg,=,1,Benz[a]anthracene,248c35a7-7964-3f7b-aff8-9f29e983835e,emission/air,kg,Young,,
Marine,Benzo[a]Pyrene,,ECA/Transit,kg,=,1,Benzo[a]pyrene,76bd7eb9-a592-319f-9234-9a469de5bd59,emission/air,kg,Young,,
Marine,Benzo[a]Pyrene,,ECA/Anchorage,kg,=,1,Benzo[a]pyrene,76bd7eb9-a592-319f-9234-9a469de5bd59,emission/air,kg,Young,,
Marine,Benzo[a]Pyrene,,ECA/Maneuvering,kg,=,1,Benzo[a]pyrene,76bd7eb9-a592-319f-9234-9a469de5bd59,emission/air,kg,Young,,
Marine,Benzo[a]Pyrene,,ECA/Port,kg,=,1,Benzo[a]pyrene,76bd7eb9-a592-319f-9234-9a469de5bd59,emission/air,kg,Young,,
Marine,Benzo[a]Pyrene,,nonECA/Transit,kg,=,1,Benzo[a]pyrene,79da28cb-b699-371d-8134-02c6449db33d,emission/air/troposphere/rural,kg,Young,,
Marine,Benzo[a]Pyrene,,nonECA/Anchorage,kg,=,1,Benzo[a]pyrene,76bd7eb9-a592-319f-9234-9a469de5bd59,emission/air,kg,Young,,
Marine,Benzo[a]Pyrene,,nonECA/Maneuvering,kg,=,1,Benzo[a]pyrene,76bd7eb9-a592-319f-9234-9a469de5bd59,emission/air,kg,Young,,
Marine,Benzo[a]Pyrene,,nonECA/Port,kg,=,1,Benzo[a]pyrene,76bd7eb9-a592-319f-9234-9a469de5bd59,emission/air,kg,Young,,
Marine,Benzo[b]Fluoranthene,,ECA/Transit,kg,,,,,emission/air,kg,,,
Marine,Benzo[b]Fluoranthene,,ECA/Anchorage,kg,,,,,emission/air,kg,,,
Marine,Benzo[b]Fluoranthene,,ECA/Maneuvering,kg,,,,,emission/air,kg,,,
Marine,Benzo[b]Fluoranthene,,ECA/Port,kg,,,,,emission/air,kg,,,
Marine,Benzo[b]Fluoranthene,,nonECA/Transit,kg,,,,,emission/air/troposphere/rural,kg,,,
Marine,Benzo[b]Fluoranthene,,nonECA/Anchorage,kg,,,,,emission/air,kg,,,
Marine,Benzo[b]Fluoranthene,,nonECA/Maneuvering,kg,,,,,emission/air,kg,,,
Marine,Benzo[b]Fluoranthene,,nonECA/Port,kg,,,,,emission/air,kg,,,
Marine,Benzo[k]Fluoranthene,,ECA/Transit,kg,=,1,Benzo[k]fluoranthene,fcf65d36-ae15-3066-80c2-b624e04c6380,emission/air,kg,Young,,
Marine,Benzo[k]Fluoranthene,,ECA/Anchorage,kg,=,1,Benzo[k]fluoranthene,fcf65d36-ae15-3066-80c2-b624e04c6380,emission/air,kg,Young,,
Marine,Benzo[k]Fluoranthene,,ECA/Maneuvering,kg,=,1,Benzo[k]fluoranthene,fcf65d36-ae15-3066-80c2-b624e04c6380,emission/air,kg,Young,,
Marine,Benzo[k]Fluoranthene,,ECA/Port,kg,=,1,Benzo[k]fluoranthene,fcf65d36-ae15-3066-80c2-b624e04c6380,emission/air,kg,Young,,
Marine,Benzo[k]Fluoranthene,,nonECA/Transit,kg,=,1,Benzo[k]fluoranthene,3d2687c2-4203-3421-bcc9-4e25a3f7aaf8,emission/air/troposphere/rural,kg,Young,,
Marine,Benzo[k]Fluoranthene,,nonECA/Anchorage,kg,=,1,Benzo[k]fluoranthene,fcf65d36-ae15-3066-80c2-b624e04c6380,emission/air,kg,Young,,
Marine,Benzo[k]Fluoranthene,,nonECA/Maneuvering,kg,=,1,Benzo[k]fluoranthene,fcf65d36-ae15-3066-80c2-b624e04c6380,emission/air,kg,Young,,
Marine,Benzo[k]Fluoranthene,,nonECA/Port,kg,=,1,Benzo[k]fluoranthene,fcf65d36-ae15-3066-80c2-b624e04c6380,emission/air,kg,Young,,
Marine,"Benzo(g,h,i)Fluoranthene",,ECA/Transit,kg,,,,,emission/air,kg,,,
Marine,"Benzo(g,h,i)Fluoranthene",,ECA/Anchorage,kg,,,,,emission/air,kg,,,
Marine,"Benzo(g,h,i)Fluoranthene",,ECA/Maneuvering,kg,,,,,emission/air,kg,,,
Marine,"Benzo(g,h,i)Fluoranthene",,ECA/Port,kg,,,,,emission/air,kg,,,
Marine,"Benzo(g,h,i)Fluoranthene",,nonECA/Transit,kg,,,,,emission/air/troposphere/rural,kg,,,
Marine,"Benzo(g,h,i)Fluoranthene",,nonECA/Anchorage,kg,,,,,emission/air,kg,,,
Marine,"Benzo(g,h,i)Fluoranthene",,nonECA/Maneuvering,kg,,,,,emission/air,kg,,,
Marine,"Benzo(g,h,i)Fluoranthene",,nonECA/Port,kg,,,,,emission/air,kg,,,
Marine,Cadmium,,ECA/Transit,kg,=,1,Cadmium,d5a296be-7219-3921-a430-cff172ac7911,emission/air,kg,Young,,
Marine,Cadmium,,ECA/Anchorage,kg,=,1,Cadmium,d5a296be-7219-3921-a430-cff172ac7911,emission/air,kg,Young,,
Marine,Cadmium,,ECA/Maneuvering,kg,=,1,Cadmium,d5a296be-7219-3921-a430-cff172ac7911,emission/air,kg,Young,,
Marine,Cadmium,,ECA/Port,kg,=,1,Cadmium,d5a296be-7219-3921-a430-cff172ac7911,emission/air,kg,Young,,
Marine,Cadmium,,nonECA/Transit,kg,=,1,Cadmium,003bd1b3-a6c3-3492-993e-86b96d10ba18,emission/air/troposphere/rural,kg,Young,,
Marine,Cadmium,,nonECA/Anchorage,kg,=,1,Cadmium,d5a296be-7219-3921-a430-cff172ac7911,emission/air,kg,Young,,
Marine,Cadmium,,nonECA/Maneuvering,kg,=,1,Cadmium,d5a296be-7219-3921-a430-cff172ac7911,emission/air,kg,Young,,
Marine,Cadmium,,nonECA/Port,kg,=,1,Cadmium,d5a296be-7219-3921-a430-cff172ac7911,emission/air,kg,Young,,
Marine,Chrysene,,ECA/Transit,kg,=,1,Chrysene,993fb955-f686-37f7-96e1-22b8c2a35ced,emission/air,kg,Young,,
Marine,Chrysene,,ECA/Anchorage,kg,=,1,Chrysene,993fb955-f686-37f7-96e1-22b8c2a35ced,emission/air,kg,Young,,
Marine,Chrysene,,ECA/Maneuvering,kg,=,1,Chrysene,993fb955-f686-37f7-96e1-22b8c2a35ced,emission/air,kg,Young,,
Marine,Chrysene,,ECA/Port,kg,=,1,Chrysene,993fb955-f686-37f7-96e1-22b8c2a35ced,emission/air,kg,Young,,
Marine,Chrysene,,nonECA/Transit,kg,=,1,Chrysene,acc3a829-8bfd-353d-b473-9b0e6142319d,emission/air/troposphere/rural,kg,Young,,
Marine,Chrysene,,nonECA/Anchorage,kg,=,1,Chrysene,993fb955-f686-37f7-96e1-22b8c2a35ced,emission/air,kg,Young,,
Marine,Chrysene,,nonECA/Maneuvering,kg,=,1,Chrysene,993fb955-f686-37f7-96e1-22b8c2a35ced,emission/air,kg,Young,,
Marine,Chrysene,,nonECA/Port,kg,=,1,Chrysene,993fb955-f686-37f7-96e1-22b8c2a35ced,emission/air,kg,Young,,
Marine,Chromium (VI),,ECA/Transit,kg,,,,,emission/air,kg,,,
Marine,Chromium (VI),,ECA/Anchorage,kg,,,,,emission/air,kg,,,
Marine,Chromium (VI),,ECA/Maneuvering,kg,,,,,emission/air,kg,,,
Marine,Chromium (VI),,ECA/Port,kg,,,,,emission/air,kg,,,
Marine,Chromium (VI),,nonECA/Transit,kg,,,,,emission/air/troposphere/rural,kg,,,
Marine,Chromium (VI),,nonECA/Anchorage,kg,,,,,emission/air,kg,,,
Marine,Chromium (VI),,nonECA/Maneuvering,kg,,,,,emission/air,kg,,,
Marine,Chromium (VI),,nonECA/Port,kg,,,,,emission/air,kg,,,
Marine,"Dibenzo[a,h]anthracene",,ECA/Transit,kg,,,,,emission/air,kg,,,
Marine,"Dibenzo[a,h]anthracene",,ECA/Anchorage,kg,,,,,emission/air,kg,,,
Marine,"Dibenzo[a,h]anthracene",,ECA/Maneuvering,kg,,,,,emission/air,kg,,,
Marine,"Dibenzo[a,h]anthracene",,ECA/Port,kg,,,,,emission/air,kg,,,
Marine,"Dibenzo[a,h]anthracene",,nonECA/Transit,kg,,,,,emission/air/troposphere/rural,kg,,,
Marine,"Dibenzo[a,h]anthracene",,nonECA/Anchorage,kg,,,,,emission/air,kg,,,
Marine,"Dibenzo[a,h]anthracene",,nonECA/Maneuvering,kg,,,,,emission/air,kg,,,
Marine,"Dibenzo[a,h]anthracene",,nonECA/Port,kg,,,,,emission/air,kg,,,
Marine,Fluoranthene,,ECA/Transit,kg,=,1,Fluoranthene,c89c263a-b0b7-34c9-a27c-d9ebf851c3cc,emission/air,kg,Young,,
Marine,Fluoranthene,,ECA/Anchorage,kg,=,1,Fluoranthene,c89c263a-b0b7-34c9-a27c-d9ebf851c3cc,emission/air,kg,Young,,
Marine,Fluoranthene,,ECA/Maneuvering,kg,=,1,Fluoranthene,c89c263a-b0b7-34c9-a27c-d9ebf851c3cc,emission/air,kg,Young,,
Marine,Fluoranthene,,ECA/Port,kg,=,1,Fluoranthene,c89c263a-b0b7-34c9-a27c-d9ebf851c3cc,emission/air,kg,Young,,
Marine,Fluoranthene,,nonECA/Transit,kg,=,1,Fluoranthene,17bb55e6-4c9b-3f10-91e7-c6a7a7d4f32b,emission/air/troposphere/rural,kg,Young,,
Marine,Fluoranthene,,nonECA/Anchorage,kg,=,1,Fluoranthene,c89c263a-b0b7-34c9-a27c-d9ebf851c3cc,emission/air,kg,Young,,
Marine,Fluoranthene,,nonECA/Maneuvering,kg,=,1,Fluoranthene,c89c263a-b0b7-34c9-a27c-d9ebf851c3cc,emission/air,kg,Young,,
Marine,Fluoranthene,,nonECA/Port,kg,=,1,Fluoranthene,c89c263a-b0b7-34c9-a27c-d9ebf851c3cc,emission/air,kg,Young,,
Marine,"Indeno[1,2,3-c,d]Pyrene",,ECA/Transit,kg,,,,,emission/air,kg,,,
Marine,"Indeno[1,2,3-c,d]Pyrene",,ECA/Anchorage,kg,,,,,emission/air,kg,,,
Marine,"Indeno[1,2,3-c,d]Pyrene",,ECA/Maneuvering,kg,,,,,emission/air,kg,,,
Marine,"Indeno[1,2,3-c,d]Pyrene",,ECA/Port,kg,,,,,emission/air,kg,,,
Marine,"Indeno[1,2,3-c,d]Pyrene",,nonECA/Transit,kg,,,,,emission/air/troposphere/rural,kg,,,
Marine,"Indeno[1,2,3-c,d]Pyrene",,nonECA/Anchorage,kg,,,,,emission/air,kg,,,
Marine,"Indeno[1,2,3-c,d]Pyrene",,nonECA/Maneuvering,kg,,,,,emission/air,kg,,,
Marine,"Indeno[1,2,3-c,d]Pyrene",,nonECA/Port,kg,,,,,emission/air,kg,,,
Marine,Lead,,ECA/Transit,kg,=,1,Lead,fe829136-3042-36e6-b4cb-7ff591e8db98,emission/air,kg,Young,,
Marine,Lead,,ECA/Anchorage,kg,=,1,Lead,fe829136-3042-36e6-b4cb-7ff591e8db98,emission/air,kg,Young,,
Marine,Lead,,ECA/Maneuvering,kg,=,1,Lead,fe829136-3042-36e6-b4cb-7ff591e8db98,emission/air,kg,Young,,
Marine,Lead,,ECA/Port,kg,=,1,Lead,fe829136-3042-36e6-b4cb-7ff591e8db98,emission/air,kg,Young,,
Marine,Lead,,nonECA/Transit,kg,=,1,Lead,9be74814-f4f5-3ce3-9222-adf1b675d9ee,emission/air/troposphere/rural,kg,Young,,
Marine,Lead,,nonECA/Anchorage,kg,=,1,Lead,fe829136-3042-36e6-b4cb-7ff591e8db98,emission/air,kg,Young,,
Marine,Lead,,nonECA/Maneuvering,kg,=,1,Lead,fe829136-3042-36e6-b4cb-7ff591e8db98,emission/air,kg,Young,,
Marine,Lead,,nonECA/Port,kg,=,1,Lead,fe829136-3042-36e6-b4cb-7ff591e8db98,emission/air,kg,Young,,
Marine,Manganese,,ECA/Transit,kg,=,1,Manganese,9a474c27-63f9-3d0d-a74c-465fd97400e7,emission/air,kg,Young,,
Marine,Manganese,,ECA/Anchorage,kg,=,1,Manganese,9a474c27-63f9-3d0d-a74c-465fd97400e7,emission/air,kg,Young,,
Marine,Manganese,,ECA/Maneuvering,kg,=,1,Manganese,9a474c27-63f9-3d0d-a74c-465fd97400e7,emission/air,kg,Young,,
Marine,Manganese,,ECA/Port,kg,=,1,Manganese,9a474c27-63f9-3d0d-a74c-465fd97400e7,emission/air,kg,Young,,
Marine,Manganese,,nonECA/Transit,kg,=,1,Manganese,2973ed1d-cca1-3e32-b7cc-895153bf0ba2,emission/air/troposphere/rural,kg,Young,,
Marine,Manganese,,nonECA/Anchorage,kg,=,1,Manganese,9a474c27-63f9-3d0d-a74c-465fd97400e7,emission/air,kg,Young,,
Marine,Manganese,,nonECA/Maneuvering,kg,=,1,Manganese,9a474c27-63f9-3d0d-a74c-465fd97400e7,emission/air,kg,Young,,
Marine,Manganese,,nonECA/Port,kg,=,1,Manganese,9a474c27-63f9-3d0d-a74c-465fd97400e7,emission/air,kg,Young,,
Marine,Mercury,,ECA/Transit,kg,=,1,Mercury,e2c65e04-f613-33db-9a6e-4cb4577b0005,emission/air,kg,Young,,
Marine,Mercury,,ECA/Anchorage,kg,=,1,Mercury,e2c65e04-f613-33db-9a6e-4cb4577b0005,emission/air,kg,Young,,
Marine,Mercury,,ECA/Maneuvering,kg,=,1,Mercury,e2c65e04-f613-33db-9a6e-4cb4577b0005,emission/air,kg,Young,,
Marine,Mercury,,ECA/Port,kg,=,1,Mercury,e2c65e04-f613-33db-9a6e-4cb4577b0005,emission/air,kg,Young,,
Marine,Mercury,,nonECA/Transit,kg,=,1,Mercury,9874f7d3-cf12-3f20-ad53-4369a9c257a7,emission/air/troposphere/rural,kg,Young,,
Marine,Mercury,,nonECA/Anchorage,kg,=,1,Mercury,e2c65e04-f613-33db-9a6e-4cb4577b0005,emission/air,kg,Young,,
Marine,Mercury,,nonECA/Maneuvering,kg,=,1,Mercury,e2c65e04-f613-33db-9a6e-4cb4577b0005,emission/air,kg,Young,,
Marine,Mercury,,nonECA/Port,kg,=,1,Mercury,e2c65e04-f613-33db-9a6e-4cb4577b0005,emission/air,kg,Young,,
Marine,Nickel,,ECA/Transit,kg,=,1,Nickel,50f56ea3-e292-3c09-89d2-74466af5f11e,emission/air,kg,Young,,
Marine,Nickel,,ECA/Anchorage,kg,=,1,Nickel,50f56ea3-e292-3c09-89d2-74466af5f11e,emission/air,kg,Young,,
Marine,Nickel,,ECA/Maneuvering,kg,=,1,Nickel,50f56ea3-e292-3c09-89d2-74466af5f11e,emission/air,kg,Young,,
Marine,Nickel,,ECA/Port,kg,=,1,Nickel,50f56ea3-e292-3c09-89d2-74466af5f11e,emission/air,kg,Young,,
Marine,Nickel,,nonECA/Transit,kg,=,1,Nickel,1dbe84d3-098e-39e4-bb48-4a6bcb85825c,emission/air/troposphere/rural,kg,Young,,
Marine,Nickel,,nonECA/Anchorage,kg,=,1,Nickel,50f56ea3-e292-3c09-89d2-74466af5f11e,emission/air,kg,Young,,
Marine,Nickel,,nonECA/Maneuvering,kg,=,1,Nickel,50f56ea3-e292-3c09-89d2-74466af5f11e,emission/air,kg,Young,,
Marine,Nickel,,nonECA/Port,kg,=,1,Nickel,50f56ea3-e292-3c09-89d2-74466af5f11e,emission/air,kg,Young,,
Marine,Polychlorinated Biphenyls,,ECA/Transit,kg,=,1,Polychlorinated biphenyls,18819e98-6dd1-3a8f-a27a-67ca826f3381,emission/air,kg,Young,,
Marine,Polychlorinated Biphenyls,,ECA/Anchorage,kg,=,1,Polychlorinated biphenyls,18819e98-6dd1-3a8f-a27a-67ca826f3381,emission/air,kg,Young,,
Marine,Polychlorinated Biphenyls,,ECA/Maneuvering,kg,=,1,Polychlorinated biphenyls,18819e98-6dd1-3a8f-a27a-67ca826f3381,emission/air,kg,Young,,
Marine,Polychlorinated Biphenyls,,ECA/Port,kg,=,1,Polychlorinated biphenyls,18819e98-6dd1-3a8f-a27a-67ca826f3381,emission/air,kg,Young,,
Marine,Polychlorinated Biphenyls,,nonECA/Transit,kg,=,1,Polychlorinated biphenyls,00db6760-08c5-36ef-a22a-3e49612e9e91,emission/air/troposphere/rural,kg,Young,,
Marine,Polychlorinated Biphenyls,,nonECA/Anchorage,kg,=,1,Polychlorinated biphenyls,18819e98-6dd1-3a8f-a27a-67ca826f3381,emission/air,kg,Young,,
Marine,Polychlorinated Biphenyls,,nonECA/Maneuvering,kg,=,1,Polychlorinated biphenyls,18819e98-6dd1-3a8f-a27a-67ca826f3381,emission/air,kg,Young,,
Marine,Polychlorinated Biphenyls,,nonECA/Port,kg,=,1,Polychlorinated biphenyls,18819e98-6dd1-3a8f-a27a-67ca826f3381,emission/air,kg,Young,,
Marine,Pyrene,,ECA/Transit,kg,=,1,Pyrene,b51b5cbd-b0cb-3104-b03b-4fbc12829a9e,emission/air,kg,Young,,
Marine,Pyrene,,ECA/Anchorage,kg,=,1,Pyrene,b51b5cbd-b0cb-3104-b03b-4fbc12829a9e,emission/air,kg,Young,,
Marine,Pyrene,,ECA/Maneuvering,kg,=,1,Pyrene,b51b5cbd-b0cb-3104-b03b-4fbc12829a9e,emission/air,kg,Young,,
Marine,Pyrene,,ECA/Port,kg,=,1,Pyrene,b51b5cbd-b0cb-3104-b03b-4fbc12829a9e,emission/air,kg,Young,,
Marine,Pyrene,,nonECA/Transit,kg,=,1,Pyrene,1284817f-1c26-3b0a-9a59-640bf10e09db,emission/air/troposphere/rural,kg,Young,,
Marine,Pyrene,,nonECA/Anchorage,kg,=,1,Pyrene,b51b5cbd-b0cb-3104-b03b-4fbc12829a9e,emission/air,kg,Young,,
Marine,Pyrene,,nonECA/Maneuvering,kg,=,1,Pyrene,b51b5cbd-b0cb-3104-b03b-4fbc12829a9e,emission/air,kg,Young,,
Marine,Pyrene,,nonECA/Port,kg,=,1,Pyrene,b51b5cbd-b0cb-3104-b03b-4fbc12829a9e,emission/air,kg,Young,,
Marine,Selenium,,ECA/Transit,kg,=,1,Selenium,b6db14bd-73e9-3f02-852a-e8b5e60bbc61,emission/air,kg,Young,,
Marine,Selenium,,ECA/Anchorage,kg,=,1,Selenium,b6db14bd-73e9-3f02-852a-e8b5e60bbc61,emission/air,kg,Young,,
Marine,Selenium,,ECA/Maneuvering,kg,=,1,Selenium,b6db14bd-73e9-3f02-852a-e8b5e60bbc61,emission/air,kg,Young,,
Marine,Selenium,,ECA/Port,kg,=,1,Selenium,b6db14bd-73e9-3f02-852a-e8b5e60bbc61,emission/air,kg,Young,,
Marine,Selenium,,nonECA/Transit,kg,=,1,Selenium,0dce3988-fcba-32fc-a8d0-4fd2b8b8794d,emission/air/troposphere/rural,kg,Young,,
Marine,Selenium,,nonECA/Anchorage,kg,=,1,Selenium,b6db14bd-73e9-3f02-852a-e8b5e60bbc61,emission/air,kg,Young,,
Marine,Selenium,,nonECA/Maneuvering,kg,=,1,Selenium,b6db14bd-73e9-3f02-852a-e8b5e60bbc61,emission/air,kg,Young,,
Marine,Selenium,,nonECA/Port,kg,=,1,Selenium,b6db14bd-73e9-3f02-852a-e8b5e60bbc61,emission/air,kg,Young,,
Marine,"1,3-Butadiene",,ECA/Transit,kg,=,1,"1,3-Butadiene",457411b2-4dac-3eb2-965d-97b60660afa2,emission/air,kg,Young,,
Marine,"1,3-Butadiene",,ECA/Anchorage,kg,=,1,"1,3-Butadiene",457411b2-4dac-3eb2-965d-97b60660afa2,emission/air,kg,Young,,
Marine,"1,3-Butadiene",,ECA/Maneuvering,kg,=,1,"1,3-Butadiene",457411b2-4dac-3eb2-965d-97b60660afa2,emission/air,kg,Young,,
Marine,"1,3-Butadiene",,ECA/Port,kg,=,1,"1,3-Butadiene",457411b2-4dac-3eb2-965d-97b60660afa2,emission/air,kg,Young,,
Marine,"1,3-Butadiene",,nonECA/Transit,kg,=,1,"1,3-Butadiene",b9f2a8bf-6ae0-30cc-9911-a30ae88d45e2,emission/air/troposphere/rural,kg,Young,,
Marine,"1,3-Butadiene",,nonECA/Anchorage,kg,=,1,"1,3-Butadiene",457411b2-4dac-3eb2-965d-97b60660afa2,emission/air,kg,Young,,
Marine,"1,3-Butadiene",,nonECA/Maneuvering,kg,=,1,"1,3-Butadiene",457411b2-4dac-3eb2-965d-97b60660afa2,emission/air,kg,Young,,
Marine,"1,3-Butadiene",,nonECA/Port,kg,=,1,"1,3-Butadiene",457411b2-4dac-3eb2-965d-97b60660afa2,emission/air,kg,Young,,
Marine,"2,2,4-Trimethylpentane",,ECA/Transit,kg,=,1,"2,2,4-Trimethylpentane",3b981d82-2f3d-3ac0-89b5-5e38b91ef0f3,emission/air,kg,Young,,
Marine,"2,2,4-Trimethylpentane",,ECA/Anchorage,kg,=,1,"2,2,4-Trimethylpentane",3b981d82-2f3d-3ac0-89b5-5e38b91ef0f3,emission/air,kg,Young,,
Marine,"2,2,4-Trimethylpentane",,ECA/Maneuvering,kg,=,1,"2,2,4-Trimethylpentane",3b981d82-2f3d-3ac0-89b5-5e38b91ef0f3,emission/air,kg,Young,,
Marine,"2,2,4-Trimethylpentane",,ECA/Port,kg,=,1,"2,2,4-Trimethylpentane",3b981d82-2f3d-3ac0-89b5-5e38b91ef0f3,emission/air,kg,Young,,
Marine,"2,2,4-Trimethylpentane",,nonECA/Transit,kg,=,1,"2,2,4-Trimethylpentane",89fb9a82-5acb-3abe-ad22-9cbd977fbc73,emission/air/troposphere/rural,kg,Young,,
Marine,"2,2,4-Trimethylpentane",,nonECA/Anchorage,kg,=,1,"2,2,4-Trimethylpentane",3b981d82-2f3d-3ac0-89b5-5e38b91ef0f3,emission/air,kg,Young,,
Marine,"2,2,4-Trimethylpentane",,nonECA/Maneuvering,kg,=,1,"2,2,4-Trimethylpentane",3b981d82-2f3d-3ac0-89b5-5e38b91ef0f3,emission/air,kg,Young,,
Marine,"2,2,4-Trimethylpentane",,nonECA/Port,kg,=,1,"2,2,4-Trimethylpentane",3b981d82-2f3d-3ac0-89b5-5e38b91ef0f3,emission/air,kg,Young,,
Marine,Acenaphthene,,ECA/Transit,kg,=,1,Acenaphthene,43aed9d7-5a9b-3f3e-8d51-cc8bebd9a9a1,emission/air,kg,Young,,
Marine,Acenaphthene,,ECA/Anchorage,kg,=,1,Acenaphthene,43aed9d7-5a9b-3f3e-8d51-cc8bebd9a9a1,emission/air,kg,Young,,
Marine,Acenaphthene,,ECA/Maneuvering,kg,=,1,Acenaphthene,43aed9d7-5a9b-3f3e-8d51-cc8bebd9a9a1,emission/air,kg,Young,,
Marine,Acenaphthene,,ECA/Port,kg,=,1,Acenaphthene,43aed9d7-5a9b-3f3e-8d51-cc8bebd9a9a1,emission/air,kg,Young,,
Marine,Acenaphthene,,nonECA/Transit,kg,=,1,Acenaphthene,f117b6e6-7e3d-3470-90b8-36f171ad4c14,emission/air/troposphere/rural,kg,Young,,
Marine,Acenaphthene,,nonECA/Anchorage,kg,=,1,Acenaphthene,43aed9d7-5a9b-3f3e-8d51-cc8bebd9a9a1,emission/air,kg,Young,,
Marine,Acenaphthene,,nonECA/Maneuvering,kg,=,1,Acenaphthene,43aed9d7-5a9b-3f3e-8d51-cc8bebd9a9a1,emission/air,kg,Young,,
Marine,Acenaphthene,,nonECA/Port,kg,=,1,Acenaphthene,43aed9d7-5a9b-3f3e-8d51-cc8bebd9a9a1,emission/air,kg,Young,,
Marine,Acenaphthylene,,ECA/Transit,kg,=,1,Acenaphthylene,34b07e52-3833-3665-aeec-01aed3f78362,emission/air,kg,Young,,
Marine,Acenaphthylene,,ECA/Anchorage,kg,=,1,Acenaphthylene,34b07e52-3833-3665-aeec-01aed3f78362,emission/air,kg,Young,,
Marine,Acenaphthylene,,ECA/Maneuvering,kg,=,1,Acenaphthylene,34b07e52-3833-3665-aeec-01aed3f78362,emission/air,kg,Young,,
Marine,Acenaphthylene,,ECA/Port,kg,=,1,Acenaphthylene,34b07e52-3833-3665-aeec-01aed3f78362,emission/air,kg,Young,,
Marine,Acenaphthylene,,nonECA/Transit,kg,=,1,Acenaphthylene,57e29206-ea24-305e-b362-b9f9d82b02fe,emission/air/troposphere/rural,kg,Young,,
Marine,Acenaphthylene,,nonECA/Anchorage,kg,=,1,Acenaphthylene,34b07e52-3833-3665-aeec-01aed3f78362,emission/air,kg,Young,,
Marine,Acenaphthylene,,nonECA/Maneuvering,kg,=,1,Acenaphthylene,34b07e52-3833-3665-aeec-01aed3f78362,emission/air,kg,Young,,
Marine,Acenaphthylene,,nonECA/Port,kg,=,1,Acenaphthylene,34b07e52-3833-3665-aeec-01aed3f78362,emission/air,kg,Young,,
Marine,Acetaldehyde,,ECA/Transit,kg,=,1,Acetaldehyde,09dc3fe9-7e57-321f-9e04-34375bf2a0b7,emission/air,kg,Young,,
Marine,Acetaldehyde,,ECA/Anchorage,kg,=,1,Acetaldehyde,09dc3fe9-7e57-321f-9e04-34375bf2a0b7,emission/air,kg,Young,,
Marine,Acetaldehyde,,ECA/Maneuvering,kg,=,1,Acetaldehyde,09dc3fe9-7e57-321f-9e04-34375bf2a0b7,emission/air,kg,Young,,
Marine,Acetaldehyde,,ECA/Port,kg,=,1,Acetaldehyde,09dc3fe9-7e57-321f-9e04-34375bf2a0b7,emission/air,kg,Young,,
Marine,Acetaldehyde,,nonECA/Transit,kg,=,1,Acetaldehyde,f1cdcdc8-5284-3d7c-8d2e-679484c3a06d,emission/air/troposphere/rural,kg,Young,,
Marine,Acetaldehyde,,nonECA/Anchorage,kg,=,1,Acetaldehyde,09dc3fe9-7e57-321f-9e04-34375bf2a0b7,emission/air,kg,Young,,
Marine,Acetaldehyde,,nonECA/Maneuvering,kg,=,1,Acetaldehyde,09dc3fe9-7e57-321f-9e04-34375bf2a0b7,emission/air,kg,Young,,
Marine,Acetaldehyde,,nonECA/Port,kg,=,1,Acetaldehyde,09dc3fe9-7e57-321f-9e04-34375bf2a0b7,emission/air,kg,Young,,
Marine,Acrolein,,ECA/Transit,kg,=,1,Acrolein,ba9cee15-a144-3c38-9a3b-36931d4e64e9,emission/air,kg,Young,,
Marine,Acrolein,,ECA/Anchorage,kg,=,1,Acrolein,ba9cee15-a144-3c38-9a3b-36931d4e64e9,emission/air,kg,Young,,
Marine,Acrolein,,ECA/Maneuvering,kg,=,1,Acrolein,ba9cee15-a144-3c38-9a3b-36931d4e64e9,emission/air,kg,Young,,
Marine,Acrolein,,ECA/Port,kg,=,1,Acrolein,ba9cee15-a144-3c38-9a3b-36931d4e64e9,emission/air,kg,Young,,
Marine,Acrolein,,nonECA/Transit,kg,=,1,Acrolein,30f8d7d6-9da9-3751-b334-b0f0e6fc61e1,emission/air/troposphere/rural,kg,Young,,
Marine,Acrolein,,nonECA/Anchorage,kg,=,1,Acrolein,ba9cee15-a144-3c38-9a3b-36931d4e64e9,emission/air,kg,Young,,
Marine,Acrolein,,nonECA/Maneuvering,kg,=,1,Acrolein,ba9cee15-a144-3c38-9a3b-36931d4e64e9,emission/air,kg,Young,,
Marine,Acrolein,,nonECA/Port,kg,=,1,Acrolein,ba9cee15-a144-3c38-9a3b-36931d4e64e9,emission/air,kg,Young,,
Marine,Anthracene,,ECA/Transit,kg,=,1,Anthracene,5aaca76f-ed8b-3dc6-9cb3-597421c567ac,emission/air,kg,Young,,
Marine,Anthracene,,ECA/Anchorage,kg,=,1,Anthracene,5aaca76f-ed8b-3dc6-9cb3-597421c567ac,emission/air,kg,Young,,
Marine,Anthracene,,ECA/Maneuvering,kg,=,1,Anthracene,5aaca76f-ed8b-3dc6-9cb3-597421c567ac,emission/air,kg,Young,,
Marine,Anthracene,,ECA/Port,kg,=,1,Anthracene,5aaca76f-ed8b-3dc6-9cb3-597421c567ac,emission/air,kg,Young,,
Marine,Anthracene,,nonECA/Transit,kg,=,1,Anthracene,c8c2848a-7ede-3387-908f-449537e7d3d7,emission/air/troposphere/rural,kg,Young,,
Marine,Anthracene,,nonECA/Anchorage,kg,=,1,Anthracene,5aaca76f-ed8b-3dc6-9cb3-597421c567ac,emission/air,kg,Young,,
Marine,Anthracene,,nonECA/Maneuvering,kg,=,1,Anthracene,5aaca76f-ed8b-3dc6-9cb3-597421c567ac,emission/air,kg,Young,,
Marine,Anthracene,,nonECA/Port,kg,=,1,Anthracene,5aaca76f-ed8b-3dc6-9cb3-597421c567ac,emission/air,kg,Young,,
Marine,Benzene,,ECA/Transit,kg,=,1,Benzene,565c5d1a-1e0e-35f3-82a0-4845c43d3dcf,emission/air,kg,Young,,
Marine,Benzene,,ECA/Anchorage,kg,=,1,Benzene,565c5d1a-1e0e-35f3-82a0-4845c43d3dcf,emission/air,kg,Young,,
Marine,Benzene,,ECA/Maneuvering,kg,=,1,Benzene,565c5d1a-1e0e-35f3-82a0-4845c43d3dcf,emission/air,kg,Young,,
Marine,Benzene,,ECA/Port,kg,=,1,Benzene,565c5d1a-1e0e-35f3-82a0-4845c43d3dcf,emission/air,kg,Young,,
Marine,Benzene,,nonECA/Transit,kg,=,1,Benzene,353e6910-49e1-37f0-9714-be46e80c66b7,emission/air/troposphere/rural,kg,Young,,
Marine,Benzene,,nonECA/Anchorage,kg,=,1,Benzene,565c5d1a-1e0e-35f3-82a0-4845c43d3dcf,emission/air,kg,Young,,
Marine,Benzene,,nonECA/Maneuvering,kg,=,1,Benzene,565c5d1a-1e0e-35f3-82a0-4845c43d3dcf,emission/air,kg,Young,,
Marine,Benzene,,nonECA/Port,kg,=,1,Benzene,565c5d1a-1e0e-35f3-82a0-4845c43d3dcf,emission/air,kg,Young,,
Marine,Ethyl Benzene,,ECA/Transit,kg,,,,,emission/air,kg,,,
Marine,Ethyl Benzene,,ECA/Anchorage,kg,,,,,emission/air,kg,,,
Marine,Ethyl Benzene,,ECA/Maneuvering,kg,,,,,emission/air,kg,,,
Marine,Ethyl Benzene,,ECA/Port,kg,,,,,emission/air,kg,,,
Marine,Ethyl Benzene,,nonECA/Transit,kg,,,,,emission/air/troposphere/rural,kg,,,
Marine,Ethyl Benzene,,nonECA/Anchorage,kg,,,,,emission/air,kg,,,
Marine,Ethyl Benzene,,nonECA/Maneuvering,kg,,,,,emission/air,kg,,,
Marine,Ethyl Benzene,,nonECA/Port,kg,,,,,emission/air,kg,,,
Marine,Fluorene,,ECA/Transit,kg,=,1,Fluorene,c5697dcb-8fd3-3046-b499-f34e33495b61,emission/air,kg,Young,,
Marine,Fluorene,,ECA/Anchorage,kg,=,1,Fluorene,c5697dcb-8fd3-3046-b499-f34e33495b61,emission/air,kg,Young,,
Marine,Fluorene,,ECA/Maneuvering,kg,=,1,Fluorene,c5697dcb-8fd3-3046-b499-f34e33495b61,emission/air,kg,Young,,
Marine,Fluorene,,ECA/Port,kg,=,1,Fluorene,c5697dcb-8fd3-3046-b499-f34e33495b61,emission/air,kg,Young,,
Marine,Fluorene,,nonECA/Transit,kg,=,1,Fluorene,4a2f56fb-26e7-3c1b-a285-b69fff2f8a28,emission/air/troposphere/rural,kg,Young,,
Marine,Fluorene,,nonECA/Anchorage,kg,=,1,Fluorene,c5697dcb-8fd3-3046-b499-f34e33495b61,emission/air,kg,Young,,
Marine,Fluorene,,nonECA/Maneuvering,kg,=,1,Fluorene,c5697dcb-8fd3-3046-b499-f34e33495b61,emission/air,kg,Young,,
Marine,Fluorene,,nonECA/Port,kg,=,1,Fluorene,c5697dcb-8fd3-3046-b499-f34e33495b61,emission/air,kg,Young,,
Marine,Formaldehyde,,ECA/Transit,kg,=,1,Formaldehyde,a257b8d3-62dd-37ad-b429-73d96c97165c,emission/air,kg,Young,,
Marine,Formaldehyde,,ECA/Anchorage,kg,=,1,Formaldehyde,a257b8d3-62dd-37ad-b429-73d96c97165c,emission/air,kg,Young,,
Marine,Formaldehyde,,ECA/Maneuvering,kg,=,1,Formaldehyde,a257b8d3-62dd-37ad-b429-73d96c97165c,emission/air,kg,Young,,
Marine,Formaldehyde,,ECA/Port,kg,=,1,Formaldehyde,a257b8d3-62dd-37ad-b429-73d96c97165c,emission/air,kg,Young,,
Marine,Formaldehyde,,nonECA/Transit,kg,=,1,Formaldehyde,0c211409-f2c9-3e5b-b633-3f08ee3ebc77,emission/air/troposphere/rural,kg,Young,,
Marine,Formaldehyde,,nonECA/Anchorage,kg,=,1,Formaldehyde,a257b8d3-62dd-37ad-b429-73d96c97165c,emission/air,kg,Young,,
Marine,Formaldehyde,,nonECA/Maneuvering,kg,=,1,Formaldehyde,a257b8d3-62dd-37ad-b429-73d96c97165c,emission/air,kg,Young,,
Marine,Formaldehyde,,nonECA/Port,kg,=,1,Formaldehyde,a257b8d3-62dd-37ad-b429-73d96c97165c,emission/air,kg,Young,,
Marine,Naphthalene,,ECA/Transit,kg,=,1,Naphthalene,ebf3aeb4-7a46-3029-a8f8-83d68f4d4ce5,emission/air,kg,Young,,
Marine,Naphthalene,,ECA/Anchorage,kg,=,1,Naphthalene,ebf3aeb4-7a46-3029-a8f8-83d68f4d4ce5,emission/air,kg,Young,,
Marine,Naphthalene,,ECA/Maneuvering,kg,=,1,Naphthalene,ebf3aeb4-7a46-3029-a8f8-83d68f4d4ce5,emission/air,kg,Young,,
Marine,Naphthalene,,ECA/Port,kg,=,1,Naphthalene,ebf3aeb4-7a46-3029-a8f8-83d68f4d4ce5,emission/air,kg,Young,,
Marine,Naphthalene,,nonECA/Transit,kg,=,1,Naphthalene,56628357-a6eb-3c15-a8ef-e5f12bd863e1,emission/air/troposphere/rural,kg,Young,,
Marine,Naphthalene,,nonECA/Anchorage,kg,=,1,Naphthalene,ebf3aeb4-7a46-3029-a8f8-83d68f4d4ce5,emission/air,kg,Young,,
Marine,Naphthalene,,nonECA/Maneuvering,kg,=,1,Naphthalene,ebf3aeb4-7a46-3029-a8f8-83d68f4d4ce5,emission/air,kg,Young,,
Marine,Naphthalene,,nonECA/Port,kg,=,1,Naphthalene,ebf3aeb4-7a46-3029-a8f8-83d68f4d4ce5,emission/air,kg,Young,,
Marine,Hexane,,ECA/Transit,kg,=,1,Hexane,7955b6e2-3ae6-315c-94f1-028d7faada34,emission/air,kg,Young,,
Marine,Hexane,,ECA/Anchorage,kg,=,1,Hexane,7955b6e2-3ae6-315c-94f1-028d7faada34,emission/air,kg,Young,,
Marine,Hexane,,ECA/Maneuvering,kg,=,1,Hexane,7955b6e2-3ae6-315c-94f1-028d7faada34,emission/air,kg,Young,,
Marine,Hexane,,ECA/Port,kg,=,1,Hexane,7955b6e2-3ae6-315c-94f1-028d7faada34,emission/air,kg,Young,,
Marine,Hexane,,nonECA/Transit,kg,=,1,Hexane,1eac3717-bbc9-35cb-b6f2-07913e7de28b,emission/air/troposphere/rural,kg,Young,,
Marine,Hexane,,nonECA/Anchorage,kg,=,1,Hexane,7955b6e2-3ae6-315c-94f1-028d7faada34,emission/air,kg,Young,,
Marine,Hexane,,nonECA/Maneuvering,kg,=,1,Hexane,7955b6e2-3ae6-315c-94f1-028d7faada34,emission/air,kg,Young,,
Marine,Hexane,,nonECA/Port,kg,=,1,Hexane,7955b6e2-3ae6-315c-94f1-028d7faada34,emission/air,kg,Young,,
Marine,Phenanthrene,,ECA/Transit,kg,=,1,Phenanthrene,12ae4a71-1402-36e9-ada8-fe6cb98c56ee,emission/air,kg,Young,,
Marine,Phenanthrene,,ECA/Anchorage,kg,=,1,Phenanthrene,12ae4a71-1402-36e9-ada8-fe6cb98c56ee,emission/air,kg,Young,,
Marine,Phenanthrene,,ECA/Maneuvering,kg,=,1,Phenanthrene,12ae4a71-1402-36e9-ada8-fe6cb98c56ee,emission/air,kg,Young,,
Marine,Phenanthrene,,ECA/Port,kg,=,1,Phenanthrene,12ae4a71-1402-36e9-ada8-fe6cb98c56ee,emission/air,kg,Young,,
Marine,Phenanthrene,,nonECA/Transit,kg,=,1,Phenanthrene,b0a295ea-2d1c-3e9c-9cee-74186ce5d6b5,emission/air/troposphere/rural,kg,Young,,
Marine,Phenanthrene,,nonECA/Anchorage,kg,=,1,Phenanthrene,12ae4a71-1402-36e9-ada8-fe6cb98c56ee,emission/air,kg,Young,,
Marine,Phenanthrene,,nonECA/Maneuvering,kg,=,1,Phenanthrene,12ae4a71-1402-36e9-ada8-fe6cb98c56ee,emission/air,kg,Young,,
Marine,Phenanthrene,,nonECA/Port,kg,=,1,Phenanthrene,12ae4a71-1402-36e9-ada8-fe6cb98c56ee,emission/air,kg,Young,,
Marine,Propionaldehyde,,ECA/Transit,kg,=,1,Propionaldehyde,592fa548-20aa-36e9-b703-68be0ff6f30a,emission/air,kg,Young,,
Marine,Propionaldehyde,,ECA/Anchorage,kg,=,1,Propionaldehyde,592fa548-20aa-36e9-b703-68be0ff6f30a,emission/air,kg,Young,,
Marine,Propionaldehyde,,ECA/Maneuvering,kg,=,1,Propionaldehyde,592fa548-20aa-36e9-b703-68be0ff6f30a,emission/air,kg,Young,,
Marine,Propionaldehyde,,ECA/Port,kg,=,1,Propionaldehyde,592fa548-20aa-36e9-b703-68be0ff6f30a,emission/air,kg,Young,,
Marine,Propionaldehyde,,nonECA/Transit,kg,=,1,Propionaldehyde,47e75500-f3d8-3a38-b22d-7f872651fa13,emission/air/troposphere/rural,kg,Young,,
Marine,Propionaldehyde,,nonECA/Anchorage,kg,=,1,Propionaldehyde,592fa548-20aa-36e9-b703-68be0ff6f30a,emission/air,kg,Young,,
Marine,Propionaldehyde,,nonECA/Maneuvering,kg,=,1,Propionaldehyde,592fa548-20aa-36e9-b703-68be0ff6f30a,emission/air,kg,Young,,
Marine,Propionaldehyde,,nonECA/Port,kg,=,1,Propionaldehyde,592fa548-20aa-36e9-b703-68be0ff6f30a,emission/air,kg,Young,,
Marine,Toluene,,ECA/Transit,kg,=,1,Toluene,3f72fe9c-b003-38ee-b8d2-13a84f60506c,emission/air,kg,Young,,
Marine,Toluene,,ECA/Anchorage,kg,=,1,Toluene,3f72fe9c-b003-38ee-b8d2-13a84f60506c,emission/air,kg,Young,,
Marine,Toluene,,ECA/Maneuvering,kg,=,1,Toluene,3f72fe9c-b003-38ee-b8d2-13a84f60506c,emission/air,kg,Young,,
Marine,Toluene,,ECA/Port,kg,=,1,Toluene,3f72fe9c-b003-38ee-b8d2-13a84f60506c,emission/air,kg,Young,,
Marine,Toluene,,nonECA/Transit,kg,=,1,Toluene,fb6da3b6-e4cc-3ddb-81bb-c3aecfcb74e7,emission/air/troposphere/rural,kg,Young,,
Marine,Toluene,,nonECA/Anchorage,kg,=,1,Toluene,3f72fe9c-b003-38ee-b8d2-13a84f60506c,emission/air,kg,Young,,
Marine,Toluene,,nonECA/Maneuvering,kg,=,1,Toluene,3f72fe9c-b003-38ee-b8d2-13a84f60506c,emission/air,kg,Young,,
Marine,Toluene,,nonECA/Port,kg,=,1,Toluene,3f72fe9c-b003-38ee-b8d2-13a84f60506c,emission/air,kg,Young,,
Marine,Xylenes (Mixed Isomers),,ECA/Transit,kg,,,,,emission/air,kg,,,
Marine,Xylenes (Mixed Isomers),,ECA/Anchorage,kg,,,,,emission/air,kg,,,
Marine,Xylenes (Mixed Isomers),,ECA/Maneuvering,kg,,,,,emission/air,kg,,,
Marine,Xylenes (Mixed Isomers),,ECA/Port,kg,,,,,emission/air,kg,,,
Marine,Xylenes (Mixed Isomers),,nonECA/Transit,kg,,,,,emission/air/troposphere/rural,kg,,,
Marine,Xylenes (Mixed Isomers),,nonECA/Anchorage,kg,,,,,emission/air,kg,,,
Marine,Xylenes (Mixed Isomers),,nonECA/Maneuvering,kg,,,,,emission/air,kg,,,
Marine,Xylenes (Mixed Isomers),,nonECA/Port,kg,,,,,emission/air,kg,,,
Marine,o-Xylene,,ECA/Transit,kg,=,1,o-Xylene,e99ddeb5-25be-3571-9b7a-2668d9531e8a,emission/air,kg,Young,,
Marine,o-Xylene,,ECA/Anchorage,kg,=,1,o-Xylene,e99ddeb5-25be-3571-9b7a-2668d9531e8a,emission/air,kg,Young,,
Marine,o-Xylene,,ECA/Maneuvering,kg,=,1,o-Xylene,e99ddeb5-25be-3571-9b7a-2668d9531e8a,emission/air,kg,Young,,
Marine,o-Xylene,,ECA/Port,kg,=,1,o-Xylene,e99ddeb5-25be-3571-9b7a-2668d9531e8a,emission/air,kg,Young,,
Marine,o-Xylene,,nonECA/Transit,kg,=,1,o-Xylene,9265a9e4-49c1-3fe1-8fa1-96123bd4f4af,emission/air/troposphere/rural,kg,Young,,
Marine,o-Xylene,,nonECA/Anchorage,kg,=,1,o-Xylene,e99ddeb5-25be-3571-9b7a-2668d9531e8a,emission/air,kg,Young,,
Marine,o-Xylene,,nonECA/Maneuvering,kg,=,1,o-Xylene,e99ddeb5-25be-3571-9b7a-2668d9531e8a,emission/air,kg,Young,,
Marine,o-Xylene,,nonECA/Port,kg,=,1,o-Xylene,e99ddeb5-25be-3571-9b7a-2668d9531e8a,emission/air,kg,Young,,
